{
  "bic_brev_r": 0.777841,
  "bic_long_r": 0.777841,
  "brach_r": 0.777841,
  "brachiorad_r": 0.777841,
  "coracobrach_r": 0.777841,
  "delt_clav_a_r": 0.777841,
  "delt_scap_m_r": 0.777841,
  "delt_scap_p_r": 0.777841,
  "ext_carpi_rad_brev_r": 0.777841,
  "ext_carpi_rad_long_r": 0.777841,
  "ext_carpi_ulna_r": 0.777841,
  "flex_carpi_rad_r": 0.777841,
  "flex_carpi_ulna_r": 0.777841,
  "infraspi_i_r": 0.777841,
  "infraspi_s_r": 0.777841,
  "lat_dors_i_r": 0.777841,
  "lat_dors_m_r": 0.777841,
  "lev_scap_r": 0.777841,
  "pect_maj_clav_s_r": 0.777841,
  "pect_maj_thorax_i_r": 0.777841,
  "pect_maj_thorax_m_r": 0.777841,
  "pect_min_r": 0.777841,
  "pronator_teres_r": 0.777841,
  "rhom_i_r": 0.777841,
  "rhom_s_r": 0.777841,
  "ser_ant_i_r": 0.777841,
  "ser_ant_m_r": 0.777841,
  "ser_ant_s_r": 0.777841,
  "subscap_i_r": 0.777841,
  "subscap_s_r": 0.777841,
  "supinator_r": 0.777841,
  "supraspi_r": 0.777841,
  "teres_maj_r": 0.777841,
  "teres_min_r": 0.777841,
  "trap_clav_s_r": 0.777841,
  "trap_scap_i_r": 0.777841,
  "trap_scap_m_r": 0.777841,
  "trap_scap_s_r": 0.777841,
  "tri_lat_r": 0.777841,
  "tri_long_r": 0.777841
}