{
  "bic_brev_r": 0.056674,
  "bic_long_r": 0.11631,
  "brach_r": 0.10843,
  "brachiorad_r": 0.108869,
  "coracobrach_r": 0.146671,
  "delt_clav_a_r": 0.111391,
  "delt_scap_m_r": 0.145912,
  "delt_scap_p_r": 0.101445,
  "ext_carpi_rad_brev_r": 0.123388,
  "ext_carpi_rad_long_r": 0.058498,
  "ext_carpi_ulna_r": 0.064341,
  "flex_carpi_rad_r": 0.108615,
  "flex_carpi_ulna_r": 0.115394,
  "infraspi_i_r": 0.096517,
  "infraspi_s_r": 0.123129,
  "lat_dors_i_r": 0.067236,
  "lat_dors_m_r": 0.063637,
  "lev_scap_r": 0.604492,
  "pect_maj_clav_s_r": 0.102598,
  "pect_maj_thorax_i_r": 0.100141,
  "pect_maj_thorax_m_r": 0.096835,
  "pect_min_r": 0.069527,
  "pronator_teres_r": 0.077228,
  "rhom_i_r": 0.605256,
  "rhom_s_r": 0.764358,
  "ser_ant_i_r": 0.096871,
  "ser_ant_m_r": 0.136791,
  "ser_ant_s_r": 0.079699,
  "subscap_i_r": 0.101967,
  "subscap_s_r": 0.06288,
  "supinator_r": 0.072481,
  "supraspi_r": 0.064756,
  "teres_maj_r": 0.067071,
  "teres_min_r": 0.102152,
  "trap_clav_s_r": 0.065674,
  "trap_scap_i_r": 0.756599,
  "trap_scap_m_r": 0.665955,
  "trap_scap_s_r": 0.782473,
  "tri_lat_r": 0.088285,
  "tri_long_r": 0.085811
}