{
  "bic_brev_r": 0.061799,
  "bic_long_r": 0.084796,
  "brach_r": 0.096882,
  "brachiorad_r": 0.292938,
  "coracobrach_r": 0.01425,
  "delt_clav_a_r": 0.059789,
  "delt_scap_m_r": 0.142364,
  "delt_scap_p_r": 0.065158,
  "ext_carpi_rad_brev_r": 0.127292,
  "ext_carpi_rad_long_r": 0.074619,
  "ext_carpi_ulna_r": 0.049336,
  "flex_carpi_rad_r": 0.266431,
  "flex_carpi_ulna_r": 0.073644,
  "infraspi_i_r": 0.134621,
  "infraspi_s_r": 0.21632,
  "lat_dors_i_r": 0.910177,
  "lat_dors_m_r": 0.914659,
  "lev_scap_r": 0.943226,
  "pect_maj_clav_s_r": 0.96533,
  "pect_maj_thorax_i_r": 0.908928,
  "pect_maj_thorax_m_r": 0.962832,
  "pect_min_r": 0.071096,
  "pronator_teres_r": 0.146545,
  "rhom_i_r": 0.995786,
  "rhom_s_r": 0.959966,
  "ser_ant_i_r": 0.986066,
  "ser_ant_m_r": 0.964232,
  "ser_ant_s_r": 0.989684,
  "subscap_i_r": 0.139579,
  "subscap_s_r": 0.116391,
  "supinator_r": 0.067387,
  "supraspi_r": 0.090631,
  "teres_maj_r": 0.986864,
  "teres_min_r": 0.148071,
  "trap_clav_s_r": 0.990048,
  "trap_scap_i_r": 0.900007,
  "trap_scap_m_r": 0.994625,
  "trap_scap_s_r": 0.913371,
  "tri_lat_r": 0.239285,
  "tri_long_r": 0.188594
}