{
  "bic_brev_r": 0.68824,
  "bic_long_r": 0.742551,
  "brach_r": 0.799642,
  "brachiorad_r": 0.820397,
  "coracobrach_r": 0.631393,
  "delt_clav_a_r": 0.786056,
  "delt_scap_m_r": 0.774655,
  "delt_scap_p_r": 0.668027,
  "ext_carpi_rad_brev_r": 0.174855,
  "ext_carpi_rad_long_r": 0.151547,
  "ext_carpi_ulna_r": 0.203938,
  "flex_carpi_rad_r": 0.266189,
  "flex_carpi_ulna_r": 0.103351,
  "infraspi_i_r": 0.812505,
  "infraspi_s_r": 0.725066,
  "lat_dors_i_r": 0.67619,
  "lat_dors_m_r": 0.605344,
  "lev_scap_r": 0.70674,
  "pect_maj_clav_s_r": 0.667182,
  "pect_maj_thorax_i_r": 0.730265,
  "pect_maj_thorax_m_r": 0.594509,
  "pect_min_r": 0.730265,
  "pronator_teres_r": 0.730265,
  "rhom_i_r": 0.783996,
  "rhom_s_r": 0.638043,
  "ser_ant_i_r": 0.706228,
  "ser_ant_m_r": 0.81808,
  "ser_ant_s_r": 0.792299,
  "subscap_i_r": 0.691116,
  "subscap_s_r": 0.76417,
  "supinator_r": 0.811437,
  "supraspi_r": 0.780636,
  "teres_maj_r": 0.699804,
  "teres_min_r": 0.741039,
  "trap_clav_s_r": 0.730265,
  "trap_scap_i_r": 0.673073,
  "trap_scap_m_r": 0.782113,
  "trap_scap_s_r": 0.805396,
  "tri_lat_r": 0.803063,
  "tri_long_r": 0.821219
}