{
  "bic_brev_r": 0.350729,
  "bic_long_r": 0.436193,
  "brach_r": 0.626067,
  "brachiorad_r": 0.569539,
  "coracobrach_r": 0.7704,
  "delt_clav_a_r": 0.737212,
  "delt_scap_m_r": 0.706144,
  "delt_scap_p_r": 0.71694,
  "ext_carpi_rad_brev_r": 0.736485,
  "ext_carpi_rad_long_r": 0.708302,
  "ext_carpi_ulna_r": 0.669213,
  "flex_carpi_rad_r": 0.602578,
  "flex_carpi_ulna_r": 0.724905,
  "infraspi_i_r": 0.743038,
  "infraspi_s_r": 0.687635,
  "lat_dors_i_r": 0.772818,
  "lat_dors_m_r": 0.63824,
  "lev_scap_r": 0.651504,
  "pect_maj_clav_s_r": 0.722134,
  "pect_maj_thorax_i_r": 0.680876,
  "pect_maj_thorax_m_r": 0.785179,
  "pect_min_r": 0.680876,
  "pronator_teres_r": 0.066537,
  "rhom_i_r": 0.734853,
  "rhom_s_r": 0.63,
  "ser_ant_i_r": 0.707254,
  "ser_ant_m_r": 0.707886,
  "ser_ant_s_r": 0.669274,
  "subscap_i_r": 0.65898,
  "subscap_s_r": 0.571724,
  "supinator_r": 0.444658,
  "supraspi_r": 0.624649,
  "teres_maj_r": 0.745086,
  "teres_min_r": 0.640913,
  "trap_clav_s_r": 0.680876,
  "trap_scap_i_r": 0.741576,
  "trap_scap_m_r": 0.699197,
  "trap_scap_s_r": 0.674129,
  "tri_lat_r": 0.582629,
  "tri_long_r": 0.734058
}