{
  "bic_brev_r": 0.082229,
  "bic_long_r": 0.078036,
  "brach_r": 0.048427,
  "brachiorad_r": 0.205922,
  "coracobrach_r": 0.026287,
  "delt_clav_a_r": 0.15035,
  "delt_scap_m_r": 0.124463,
  "delt_scap_p_r": 0.162861,
  "ext_carpi_rad_brev_r": 0.163044,
  "ext_carpi_rad_long_r": 0.103774,
  "ext_carpi_ulna_r": 0.153747,
  "flex_carpi_rad_r": 0.251201,
  "flex_carpi_ulna_r": 0.11607,
  "infraspi_i_r": 0.124695,
  "infraspi_s_r": 0.130668,
  "lat_dors_i_r": 0.048419,
  "lat_dors_m_r": 0.012258,
  "lev_scap_r": 0.097757,
  "pect_maj_clav_s_r": 0.110901,
  "pect_maj_thorax_i_r": 0.115789,
  "pect_maj_thorax_m_r": 0.052229,
  "pect_min_r": 0.255396,
  "pronator_teres_r": 0.144497,
  "rhom_i_r": 0.068877,
  "rhom_s_r": 0.217909,
  "ser_ant_i_r": 0.051139,
  "ser_ant_m_r": 0.076249,
  "ser_ant_s_r": 0.05557,
  "subscap_i_r": 0.061655,
  "subscap_s_r": 0.097857,
  "supinator_r": 0.055012,
  "supraspi_r": 0.076725,
  "teres_maj_r": 0.109745,
  "teres_min_r": 0.113862,
  "trap_clav_s_r": 0.298628,
  "trap_scap_i_r": 0.145313,
  "trap_scap_m_r": 0.104087,
  "trap_scap_s_r": 0.148342,
  "tri_lat_r": 0.1575,
  "tri_long_r": 0.121494
}