{
    "iteration": [
        0,
        1,
        2
    ],
    "elbo": [
        0.0,
        -0.07196730189025402,
        -0.08820577152073383
    ],
    "bald_score": [
        0.0,
        3.81205862177636e-21,
        2.0533164315998216e-18
    ],
    "grad_norm": [
        0.0,
        0.03377510902802129,
        0.08635243884353085
    ],
    "posterior_means": {
        "joint_0": {
            "lower": [
                -0.04973733425140381,
                0.6273854970932007,
                0.2143198698759079
            ],
            "upper": [
                3.131413459777832,
                3.1884727478027344,
                3.0141279697418213
            ]
        },
        "joint_1": {
            "lower": [
                -3.266343116760254,
                -3.464186906814575,
                -3.6487607955932617
            ],
            "upper": [
                2.468696117401123,
                2.2680346965789795,
                2.977738618850708
            ]
        },
        "joint_2": {
            "lower": [
                0.3728058338165283,
                -1.0679422616958618,
                0.7110671997070312
            ],
            "upper": [
                3.170764446258545,
                3.6728007793426514,
                3.753814220428467
            ]
        },
        "joint_3": {
            "lower": [
                0.7342793941497803,
                1.35094153881073,
                1.4730547666549683
            ],
            "upper": [
                2.433058977127075,
                2.5419836044311523,
                2.639721393585205
            ]
        }
    },
    "posterior_stds": {
        "joint_0": {
            "lower": [
                0.9039548635482788,
                0.8184903860092163,
                0.8057746887207031
            ],
            "upper": [
                0.8844507932662964,
                0.7447071671485901,
                0.8667731285095215
            ]
        },
        "joint_1": {
            "lower": [
                0.936385989189148,
                0.7619520425796509,
                0.7933124303817749
            ],
            "upper": [
                1.1829029321670532,
                1.4255030155181885,
                0.7552566528320312
            ]
        },
        "joint_2": {
            "lower": [
                1.2652761936187744,
                1.3044655323028564,
                1.3341978788375854
            ],
            "upper": [
                0.716492772102356,
                0.8159235715866089,
                0.7488833069801331
            ]
        },
        "joint_3": {
            "lower": [
                1.0519789457321167,
                0.8443267345428467,
                0.8081038594245911
            ],
            "upper": [
                0.9329326748847961,
                0.8058477640151978,
                0.7801395654678345
            ]
        }
    },
    "queries": [
        [
            0.0,
            0.0,
            0.0,
            0.0
        ],
        [
            1.318006157875061,
            1.4939624071121216,
            2.324995279312134,
            -0.3323347568511963
        ],
        [
            1.794509768486023,
            -2.0192322731018066,
            -1.4538055658340454,
            1.3018189668655396
        ]
    ],
    "outcomes": [
        0.0,
        -0.593017578125,
        -2.327671766281128
    ],
    "prior_coverage": [],
    "posterior_coverage": [],
    "query_boundary_distance": [],
    "posterior_movement": [],
    "param_mae": [
        0.28465741872787476,
        0.6612609028816223,
        0.5148512031883001
    ],
    "param_uncertainty": [
        0.9842968955636024,
        0.9401520267128944,
        0.8615551888942719
    ],
    "reachability_iou": [
        0.552208423614502,
        0.14037688076496124,
        0.16856087744235992
    ],
    "reachability_accuracy": [
        0.621063232421875,
        0.4390716552734375,
        0.4535369873046875
    ],
    "latent_means": [
        [
            -0.10129526257514954,
            1.1329748630523682,
            0.2451898604631424,
            0.12142980843782425,
            -0.18308809399604797,
            -0.34826064109802246,
            -0.03429754078388214,
            0.2480805516242981,
            0.5117624998092651,
            -0.16983161866664886,
            0.03387891501188278,
            0.3632606863975525,
            -0.31161829829216003,
            -0.08808323740959167,
            0.7499387860298157,
            0.10245046019554138,
            -0.3971775770187378,
            0.04289470613002777,
            -0.06843414157629013,
            -0.34568989276885986,
            -0.2645838260650635,
            -0.11950825154781342,
            0.03096802532672882,
            -0.113137386739254,
            0.0030792467296123505,
            -0.06813718378543854,
            -0.6305610537528992,
            -0.041570499539375305,
            0.0700715109705925,
            -0.6704594492912292,
            0.11215169727802277,
            -0.509070873260498
        ],
        [
            0.0514996200799942,
            1.355385661125183,
            0.027365919202566147,
            0.0016034357249736786,
            0.044784173369407654,
            -0.5445906519889832,
            -0.18975745141506195,
            0.39494261145591736,
            0.327084481716156,
            -0.1984148770570755,
            0.08593486994504929,
            0.4808032512664795,
            -0.5316723585128784,
            -0.2241228222846985,
            0.5300418734550476,
            0.21327270567417145,
            -0.5019214749336243,
            -0.16699232161045074,
            0.16215448081493378,
            -0.1505904346704483,
            -0.44046956300735474,
            -0.09450554847717285,
            0.17531907558441162,
            0.009444150142371655,
            -0.16790086030960083,
            -0.11837595701217651,
            -0.46642085909843445,
            0.14029461145401,
            0.21859857439994812,
            -0.809688150882721,
            0.30674105882644653,
            -0.3689876198768616
        ],
        [
            0.044961754232645035,
            1.3129206895828247,
            0.3550400137901306,
            0.3451857268810272,
            -0.20072543621063232,
            -0.49504175782203674,
            0.11526955664157867,
            0.4119351804256439,
            0.40993016958236694,
            -0.1734641045331955,
            -0.19965220987796783,
            0.5303460359573364,
            -0.3456721305847168,
            0.01231336873024702,
            0.6448578834533691,
            0.008995204232633114,
            -0.5434737205505371,
            -0.1264648735523224,
            -0.10238797962665558,
            -0.13744205236434937,
            -0.5871890187263489,
            -0.15296854078769684,
            -0.16661573946475983,
            0.04782891646027565,
            -0.41346797347068787,
            0.16054685413837433,
            -0.7423760294914246,
            -0.033931124955415726,
            0.32079800963401794,
            -1.0344990491867065,
            0.32509177923202515,
            -0.6211178302764893
        ]
    ],