clavicle_protraction_r,clavicle_elevation_r,clavicle_rotation_r,scapula_abduction_r,scapula_elevation_r,scapula_winging_r,shoulder_flexion_r,shoulder_abduction_r,shoulder_rotation_r,elbow_flexion_r
-9.166666666666664,-1.355555555555555,6.597902097902097,-20.52802173500979,-24.214256508109578,-26.613104419556038,-10.244052584164697,-29.71729806249868,-41.365113497710716,18.771327916029374
-12.08333333333333,9.755555555555553,-0.694405594405596,-15.389461047576924,-29.107958417485474,-33.89600862553716,-10.165594388300851,-31.80583619034063,-44.82949107371245,27.143353171007515
-5.416666666666666,-1.6518518518518512,1.613286713286712,-13.825551273140833,-28.09228443629425,-33.07272380225234,-8.831805058615489,-30.73334363820557,-44.247880239785154,27.635825244829757
-13.95833333333333,9.459259259259257,7.613286713286712,-19.4109433246983,-32.98598634567014,-29.71625490732191,-8.753346862751645,-32.82188176604752,-34.360496063021074,21.74314215461188
-7.291666666666665,-0.7629629629629625,-1.1559440559440575,-17.84703355026221,-31.970312364478918,-28.892970084037085,-7.419557533066283,-31.749389213912465,-33.77888522909378,22.23561422843412
