{
  "n_samples": 100,
  "sphere_center": [
    0.0,
    1.25,
    0.15000000000000002
  ],
  "sphere_radius": 1.05,
  "samples": [
    [
      0.2428018939279567,
      1.9972673917370445,
      -0.12779518409443497
    ],
    [
      -0.5045265422696735,
      1.6165599894664124,
      0.3704861837316028
    ],
    [
      -0.485102125864746,
      0.8975526751334524,
      -0.5919909087397904
    ],
    [
      0.16122936797917883,
      0.75378702846131,
      0.09166666666666666
    ],
    [
      0.7229990446950839,
      1.4356346032652532,
      0.6487429844473698
    ],
    [
      0.03953168281700931,
      1.8783381052884147,
      -0.2706561246729941
    ],
    [
      -0.9279823001304045,
      1.6174141842901606,
      0.26158765232838943
    ],
    [
      -0.16694632200746432,
      1.0481965630283576,
      0.4740943814435074
    ],
    [
      0.17541799427042978,
      0.9735854709283773,
      -0.6525517618841107
    ],
    [
      0.6030492580451331,
      1.5815291351117102,
      -0.0347311989071534
    ],
    [
      -0.1676658941000327,
      2.128935397163851,
      0.5491713320485114
    ],
    [
      -0.4236219159043931,
      1.3035158933323514,
      -0.2729083173877587
    ],
    [
      -0.3943059468749011,
      0.4120572095716566,
      0.1156771689621077
    ],
    [
      0.4514261678921047,
      0.8260826115876518,
      0.6518806772961163
    ],
    [
      0.6565767177565759,
      1.8665665778379146,
      -0.34479577131439804
    ],
    [
      -0.13838204365720103,
      1.5440768119941146,
      0.21124616214766745
    ],
    [
      -0.4419115970724817,
      1.1941735826137063,
      0.874413194452326
    ],
    [
      -0.06751977575131944,
      0.8960489401559896,
      -0.4360268950939339
    ],
    [
      0.8327820011733377,
      0.7921742205925526,
      -0.029084864517241044
    ],
    [
      0.2655934240356585,
      1.6685082695459355,
      0.42229660665680757
    ],
    [
      -0.4518594641297479,
      1.7962042637002245,
      -0.42450995936317715
    ],
    [
      -0.7225494495953602,
      0.9639224351638194,
      0.17880204510951608
    ],
    [
      0.04533074540636965,
      0.5294884343326204,
      0.8650369350048567
    ],
    [
      0.4219276608279872,
      1.1416673894673375,
      -0.0443309522889927
    ],
    [
      0.8512667151830688,
      1.2928254060396984,
      0.3788011040738184
    ],
    [
      0.0724658081101466,
      1.5181979627697793,
      0.8310512262009621
    ],
    [
      -0.18351992393717453,
      1.369726437991652,
      -0.8176893619331456
    ],
    [
      -0.4684589055979793,
      0.8722712293560809,
      -0.04526615566234507
    ],
    [
      0.31300197929860685,
      0.42946952452676235,
      0.4867401471371467
    ],
    [
      0.5124116300467781,
      1.4094022543249285,
      -0.4642538333529157
    ],
    [
      0.013006600921499092,
      2.2849779322439865,
      0.06021449589150929
    ],
    [
      -0.2024807736693146,
      1.3186147468275187,
      0.3023148148148148
    ],
    [
      -0.4266290420447293,
      0.6780500002836627,
      -0.29697584876330735
    ],
    [
      0.3862277934175081,
      0.7041069797509344,
      0.24166142707439092
    ],
    [
      0.4877599588476555,
      1.5510115357711032,
      0.9208259713242835
    ],
    [
      -0.05595769058295835,
      1.479896399372758,
      -0.34209390443496435
    ],
    [
      -0.8774030150919552,
      1.3162802751599367,
      -0.062320783782825545
    ],
    [
      -0.2628834574954468,
      0.6096606620784559,
      0.4816594193806262
    ],
    [
      0.5654564190970727,
      0.7701186427825278,
      -0.5359596923803566
    ],
    [
      0.3113355189844598,
      1.573299524724224,
      0.14445841128391812
    ],
    [
      -0.3113561425527084,
      1.8336084512979927,
      0.7223399569262261
    ],
    [
      -0.634301144824964,
      1.1372421813533693,
      -0.18081544522347703
    ],
    [
      -0.13283868055448017,
      0.295131639711959,
      0.356943520718661
    ],
    [
      0.26719969167130286,
      1.1201395195654187,
      0.6910246943505632
    ],
    [
      0.2585334039815772,
      1.7065842997006346,
      -0.6223069258360369
    ],
    [
      -0.5375842295482341,
      1.8370815340362658,
      0.020564430028975844
    ],
    [
      -0.8110658362266306,
      0.8807178637040942,
      0.6730438386807055
    ],
    [
      0.034021817204107574,
      0.9504647772800631,
      -0.07902389009974126
    ],
    [
      0.8397528666143038,
      1.0788450641547607,
      0.20300338928546313
    ],
    [
      0.4774990893818911,
      1.2981658158365004,
      0.660208278204705
    ],
    [
      0.19066842838643458,
      2.1289053220970473,
      -0.22255984256053857
    ],
    [
      -0.48359421429920085,
      1.531910712976462,
      0.3157688863803981
    ],
    [
      -0.2129104002076481,
      1.0599034299041994,
      1.0242275715502056
    ],
    [
      0.09847552101368133,
      1.0263032720800958,
      -0.5986111111111112
    ],
    [
      0.9198170196207871,
      1.5876978723448432,
      -0.1401724180349977
    ],
    [
      -0.01748501025468257,
      1.7135845580672897,
      0.3421787345655595
    ],
    [
      -0.5867621352308081,
      1.4164794737509752,
      -0.4984121879466902
    ],
    [
      -0.4149232695826481,
      0.6311300836448509,
      0.1039188220857385
    ],
    [
      0.4911358755457132,
      0.6249802554380204,
      0.753894765759795
    ],
    [
      0.4597962383555034,
      1.566718645619473,
      -0.17768651172816896
    ],
    [
      -0.2665034506633466,
      2.146252983378777,
      0.3020385061539914
    ],
    [
      -0.46325759957810564,
      1.261645385429768,
      0.8320868175794275
    ],
    [
      -0.16732278628203837,
      0.7759178539850166,
      -0.7655515890391236
    ],
    [
      0.1617406680407667,
      1.1261609049192551,
      0.10627298028143156
    ],
    [
      0.48928759800162985,
      1.8120680057954779,
      0.532654771621462
    ],
    [
      -0.259978851643802,
      1.6833624861456742,
      -0.2872684467925163
    ],
    [
      -0.9328330847693481,
      1.0353243542050614,
      0.1618183868537919
    ],
    [
      -0.03455050556689475,
      0.8582361861947648,
      0.5137586144069858
    ],
    [
      0.7481140302244561,
      0.9318278653804368,
      -0.23952081864661995
    ],
    [
      0.3323110959756676,
      1.9124543752514493,
      0.3288353015194381
    ],
    [
      -0.3105721245963619,
      1.5566936781355682,
      1.0577856186277548
    ],
    [
      -0.22966663451932587,
      1.1311554688214838,
      -0.1977724301497813
    ],
    [
      0.14030440505575034,
      0.3988022789067218,
      0.03174996929657467
    ],
    [
      0.6019238530496716,
      1.1585376970085723,
      0.5313853717857238
    ],
    [
      0.791440925269771,
      1.3702594137781516,
      -0.42033310541548363
    ],
    [
      0.09870927262067677,
      1.848848680995506,
      0.20264765112199679
    ],
    [
      -0.5435462321917669,
      1.5312663549229817,
      0.8505311651066716
    ],
    [
      -0.5327056105992203,
      0.723946854404709,
      -0.13707182710434956
    ],
    [
      0.4395001634298743,
      0.3738667329688995,
      0.46805538700102917
    ],
    [
      0.07240410788555339,
      1.280793393293613,
      0.497470588420598
    ],
    [
      -0.00961202206030171,
      1.3589895027276226,
      -0.6975131427982324
    ],
    [
      -0.6398192310437921,
      1.3972434981766422,
      -0.0757047513425847
    ],
    [
      -0.46912648718235683,
      0.4680063127570172,
      0.4814094738414867
    ],
    [
      0.2410122766600043,
      0.9731377000606803,
      -0.29234495016305917
    ],
    [
      0.7234861784279325,
      1.8039477159656516,
      0.05575477560115308
    ],
    [
      -0.21512549285479435,
      1.8595234102976428,
      0.5912237613793363
    ],
    [
